id,favorite_count,retweet_count
892420643555336193,37168,7950
892177421306343426,31968,5905
891815181378084864,24076,3904
891689557279858688,40484,8097
891327558926688256,38713,8788
891087950875897856,19462,2919
890971913173991426,11355,1940
890729181411237888,62687,17722
890609185150312448,26773,4022
890240255349198849,30669,6918
890006608113172480,29502,6883
889880896479866881,26764,4688
889665388333682689,46199,9428
889638837579907072,26034,4227
889531135344209921,14533,2117
889278841981685760,24249,5030
888917238123831296,27986,4225
888804989199671297,24584,4000
888554962724278272,19024,3303
888202515573088257,None,None
888078434458587136,20916,3269
887705289381826560,29033,5055
887517139158093824,44526,11023
887473957103951883,66209,16945
887343217045368832,32360,9820
887101392804085760,29383,5601
886983233522544640,33707,7219
886736880519319552,11559,3047
886680336477933568,21548,4187
886366144734445568,20338,2997
886267009285017600,116,4
886258384151887873,26887,5933
886054160059072513,0,104
885984800019947520,31350,6343
885528943205470208,34572,6019
885518971528720385,19663,3504
885311592912609280,0,17414
885167619883638784,21051,4112
884925521741709313,74274,17039
884876753390489601,26814,5267
884562892145688576,23359,4430
884441805382717440,25988,5345
884247878851493888,70033,19110
884162670584377345,19576,2806
883838122936631299,21000,3250
883482846933004288,44124,9307
883360690899218434,21794,3485
883117836046086144,35698,6254
882992080364220416,22979,3672
882762694511734784,27171,4605
882627270321602560,26851,5710
882268110199369728,43181,10901
882045870035918850,28185,4608
881906580714921986,23368,3200
881666595344535552,48698,10039
881633300179243008,121,7
881536004380872706,47532,15016
881268444196462592,22269,4931
880935762899988482,16377,2629
880872448815771648,20456,3596
880465832366813184,27416,5873
880221127280381952,25964,3962
880095782870896641,26576,4086
879862464715927552,21494,3289
879674319642796034,301,10
879492040517615616,22572,2997
879415818425184262,101836,41753
879376492567855104,16177,2941
879130579576475649,0,6423
879050749262655488,21679,4410
879008229531029506,18250,2536
878776093423087618,18650,3866
878604707211726852,29046,6728
878404777348136964,0,1217
878316110768087041,0,6298
878281511006478336,7433,1217
878057613040115712,40496,6423
877736472329191424,76579,17950
877611172832227328,0,77
877556246731214848,21854,3596
877316821321428993,26362,4886
877201837425926144,26113,5274
876838120628539392,19948,3152
876537666061221889,22719,4408
876484053909872640,18075,2253
876120275196170240,26908,4417
875747767867523072,24252,4030
875144289856114688,21129,4660
875097192612077568,26443,5744
875021211251597312,24551,4470
874680097055178752,26828,4388
874434818259525634,0,13815
874296783580663808,25103,3899
874057562936811520,21899,3754
874012996292530176,33272,9771
873697596434513921,None,None
873580283840344065,23367,3730
873337748698140672,0,1511
873213775632977920,6956,1511
872967104147763200,26349,5131
872820683541237760,14221,3525
872668790621863937,None,None
872620804844003328,20053,3480
872486979161796608,39340,8575
872261713294495745,None,None
872122724285648897,33250,7714
871879754684805121,36540,10511
871762521631449091,19590,3314
871515927908634625,19514,3295
871166179821445120,0,5442
871102520638267392,20279,5247
871032628920680449,21978,3638
870804317367881728,32580,5905
870726314365509632,118,3
870656317836468226,12018,2523
870374049280663552,80318,25231
870308999962521604,21224,3970
870063196459192321,35509,7948
869988702071779329,None,None
869772420881756160,41239,9652
869702957897576449,27415,6048
869596645499047938,15516,3003
869227993411051520,19845,3624
868880397819494401,63659,13849
868639477480148993,0,1996
868622495443632128,25990,5092
868552278524837888,9834,1996
867900495410671616,23554,4019
867774946302451713,33060,7067
867421006826221569,15682,2399
867072653475098625,0,118
867051520902168576,31409,7578
866816280283807744,None,None
866720684873056260,19554,4622
866686824827068416,18804,3347
866450705531457537,119368,33998
866334964761202691,51232,13815
866094527597207552,0,8089
865718153858494464,25056,5434
865359393868664832,25863,4830
865006731092295680,27378,7434
864873206498414592,31563,8411
864279568663928832,14271,2928
864197398364647424,29438,8602
863907417377173506,20181,4003
863553081350529029,14969,4058
863471782782697472,0,2362
863432100342583297,23337,5081
863427515083354112,2190,92
863079547188785154,8597,1074
863062471531167744,8311,2362
862831371563274240,18794,4996
862722525377298433,16747,3434
862457590147678208,20092,4805
862096992088072192,73048,22547
861769973181624320,None,None
861383897657036800,35464,10426
861288531465048066,16905,4030
861005113778896900,16417,3718
860981674716409858,0,2098
860924035999428608,0,787
860563773140209665,7390,2098
860524505164394496,23261,5167
860276583193509888,18046,3408
860184849394610176,16410,5714
860177593139703809,0,30231
859924526012018688,19278,4004
859851578198683649,15189,3438
859607811541651456,18320,1533
859196978902773760,88643,29520
859074603037188101,33429,13340
858860390427611136,0,7972
858843525470990336,15357,3429
858471635011153920,21242,4766
858107933456039936,15539,2866
857989990357356544,15939,2550
857746408056729600,33868,10452
857393404942143489,5833,1618
857263160327368704,19825,4448
857214891891077121,226,17
857062103051644929,0,168
857029823797047296,18742,3949
856602993587888130,None,None
856543823941562368,16139,2843
856526610513747968,11760,1854
856330835276025856,0,657
856288084350160898,511,15
856282028240666624,27524,6212
855862651834028034,339,26
855860136149123072,4955,995
855857698524602368,11798,2098
855851453814013952,45317,17752
855818117272018944,26483,5379
855459453768019968,29754,8154
855245323840757760,0,5926
855138241867124737,0,44
854732716440526848,22759,6025
854482394044301312,29227,6854
854365224396361728,18852,4668
854120357044912130,31938,7459
854010172552949760,16198,3152
853760880890318849,28587,5740
853639147608842240,34816,10077
853299958564483072,15540,3554
852936405516943360,0,2007
852912242202992640,9095,1830
852672615818899456,14973,2156
852553447878664193,16385,3505
852311364735569921,33273,9954
852226086759018497,20093,6863
852189679701164033,11507,1590
851953902622658560,None,None
851861385021730816,0,20
851591660324737024,16339,3497
851464819735769094,24405,7099
851224888060895234,20801,5759
850753642995093505,31140,9225
850380195714523136,13195,2637
850333567704068097,3481,336
850145622816686080,16472,3838
850019790995546112,20597,4917
849776966551130114,30782,7667
849668094696017920,0,5006
849412302885593088,16028,3183
849336543269576704,11522,1927
849051919805034497,42813,8583
848690551926992896,25477,4374
848324959059550208,25045,4649
848213670039564288,8287,745
848212111729840128,16534,3092
847978865427394560,0,3300
847971574464610304,0,436
847962785489326080,23824,5161
847842811428974592,5523,1348
847617282490613760,7085,424
847606175596138505,19024,3466
847251039262605312,20760,4346
847157206088847362,20203,5958
847116187444137987,21733,3236
846874817362120707,20380,3976
846514051647705089,45295,11762
846505985330044928,14325,3121
846153765933735936,32165,9213
846139713627017216,31433,10120
846042936437604353,16257,2923
845812042753855489,29740,8858
845677943972139009,25577,4870
845459076796616705,None,None
845397057150107648,7764,1840
845306882940190720,23737,5481
845098359547420673,0,7801
844979544864018432,13874,2603
844973813909606400,15374,3266
844704788403113984,None,None
844580511645339650,16786,3195
844223788422217728,13889,2244
843981021012017153,15436,2997
843856843873095681,21851,4719
843604394117681152,17206,2798
843235543001513987,21933,6145
842892208864923648,None,None
842846295480000512,15527,3706
842765311967449089,6887,1313
842535590457499648,18459,3582
842163532590374912,24969,5925
842115215311396866,14282,3103
841833993020538882,0,15535
841680585030541313,26218,7961
841439858740625411,12913,3770
841320156043304961,20207,5616
841314665196081154,16162,4783
841077006473256960,23352,5442
840761248237133825,0,1799
840728873075638272,0,16560
840698636975636481,179,2
840696689258311684,12551,998
840632337062862849,9180,1799
840370681858686976,16832,4670
840268004936019968,19715,5869
839990271299457024,13731,2347
839549326359670784,28131,7972
839290600511926273,0,146
839239871831150596,27847,6695
838952994649550848,20085,4094
838921590096166913,11426,2111
838916489579200512,0,35
838831947270979586,0,11322
838561493054533637,11180,1367
838476387338051585,23137,4920
838201503651401729,0,10340
838150277551247360,1715,340
838085839343206401,145,1
838083903487373313,18069,3235
837820167694528512,35030,8089
837482249356513284,3930,451
837471256429613056,13120,2338
837366284874571778,None,None
837110210464448512,16453,2442
837012587749474308,None,None
836989968035819520,13055,2350
836753516572119041,19785,4779
836677758902222849,12938,2281
836648853927522308,0,565
836397794269200385,0,28427
836380477523124226,15147,3069
836260088725786625,21847,4419
836001077879255040,19598,4390
835685285446955009,0,8391
835574547218894849,18267,3723
835536468978302976,0,1754
835309094223372289,0,21684
835297930240217089,16896,3096
835264098648616962,7936,1754
835246439529840640,2158,73
835172783151792128,26858,5939
835152434251116546,23072,3119
834931633769889797,11125,1702
834786237630337024,21842,5644
834574053763584002,14055,2618
834477809192075265,0,11020
834458053273591808,9888,1735
834209720923721728,21194,4913
834167344700198914,16233,3770
834089966724603904,10329,2197
834086379323871233,13428,2277
833863086058651648,13781,2480
833826103416520705,18517,3880
833732339549220864,0,224
833722901757046785,21345,3326
833479644947025920,15265,2111
833124694597443584,20769,5006
832998151111966721,13678,2286
832769181346996225,0,39
832757312314028032,17326,3741
832682457690300417,12227,3033
832645525019123713,3018,543
832636094638288896,16308,2881
832397543355072512,12288,2289
832369877331693569,17680,3300
832273440279240704,11652,2414
832215909146226688,0,6431
832215726631055365,0,9700
832088576586297345,67,2
832040443403784192,0,9994
832032802820481025,18385,4828
831939777352105988,24728,6358
831926988323639298,352,34
831911600680497154,28493,6749
831670449226514432,10766,1880
831650051525054464,7393,2007
831552930092285952,9264,2380
831322785565769729,9517,1599
831315979191906304,6734,1160
831309418084069378,12102,2546
831262627380748289,12273,2120
830956169170665475,8213,1546
830583320585068544,68988,17414
830173239259324417,0,5910
830097400375152640,10144,3079
829878982036299777,0,5218
829861396166877184,12616,2029
829501995190984704,32774,11020
829449946868879360,10803,2102
829374341691346946,None,None
829141528400556032,25236,7660
829011960981237760,54754,16929
828801551087042563,0,3536
828770345708580865,26373,6103
828708714936930305,37789,11666
828650029636317184,9827,1409
828409743546925057,6534,1205
828408677031882754,7931,1341
828381636999917570,13042,2300
828376505180889089,7629,1111
828372645993398273,12987,3060
828361771580813312,2278,177
828046555563323392,12161,2974
828011680017821696,10699,2234
827933404142436356,20787,5440
827653905312006145,15983,3122
827600520311402496,7660,979
827324948884643840,16377,3173
827228250799742977,None,None
827199976799354881,10935,2331
826958653328592898,22303,5218
826848821049180160,37663,10610
826615380357632002,0,4143
826598799820865537,5284,264
826598365270007810,10400,2441
826476773533745153,19060,4390
826240494070030336,13743,2707
826204788643753985,5040,967
826115272272650244,16183,3265
825876512159186944,10813,1951
825829644528148480,13175,2587
825535076884762624,54012,18013
825147591692263424,18956,4740
825120256414846976,0,1329
825026590719483904,6562,1329
824796380199809024,0,5733
824775126675836928,15481,3674
824663926340194305,10448,1814
824325613288833024,12242,10926
824297048279236611,15616,4031
824025158776213504,4969,618
823939628516474880,11018,2828
823719002937630720,0,11699
823699002998870016,14442,2627
823581115634085888,13506,2748
823333489516937216,725,26
823322678127919110,16313,4201
823269594223824897,0,10329
822975315408461824,17932,3597
822872901745569793,136897,45332
822859134160621569,13751,2394
822647212903690241,0,6692
822610361945911296,15347,3083
822489057087389700,18843,6692
822462944365645825,29346,15113
822244816520155136,36321,10329
822163064745328640,0,5018
821886076407029760,11772,2429
821813639212650496,0,3501
821765923262631936,8732,1725
821522889702862852,8330,1848
821421320206483457,0,5852
821407182352777218,12236,4535
821153421864615936,264,10
821149554670182400,9023,2095
821107785811234820,9959,2231
821044531881721856,13143,2391
820837357901512704,0,7048
820749716845686786,32783,10340
820690176645140481,12678,3378
820494788566847489,0,592
820446719150292993,0,2693
820314633777061888,3471,592
820078625395449857,20601,6564
820013781606658049,0,1238
819952236453363712,5533,1238
819924195358416896,13399,5096
819711362133872643,13972,3256
819588359383371776,9982,2071
819347104292290561,7507,1261
819238181065359361,2376,426
819227688460238848,24024,7048
819015337530290176,0,38565
819015331746349057,0,19815
819006400881917954,47029,19815
819004803107983360,90339,38565
818646164899774465,0,21977
818627210458333184,23268,7898
818614493328580609,10244,2694
818588835076603904,0,6445
818536468981415936,11365,2595
818307523543449600,0,8513
818259473185828864,11469,2391
818145370475810820,12777,2705
817908911860748288,5042,837
817827839487737858,53870,28427
817777686764523521,11165,2828
817536400337801217,12275,3126
817502432452313088,0,3565
817423860136083457,35436,15535
817415592588222464,5839,1005
817181837579653120,0,8894
817171292965273600,9108,2122
817120970343411712,12701,2734
817056546584727552,8942,1721
816829038950027264,0,4947
816816676327063552,10450,2147
816697700272001025,10205,2299
816450570814898180,31833,8513
816336735214911488,8968,2046
816091915477250048,9303,2252
816062466425819140,0,1083
816014286006976512,0,5544
815990720817401858,5180,1083
815966073409433600,23351,8894
815745968457060357,0,4352
815736392542261248,10270,2384
815639385530101762,8575,1728
815390420867969024,10812,3996
814986499976527872,7978,1350
814638523311648768,11755,2847
814578408554463233,0,6127
814530161257443328,9021,1950
814153002265309185,30048,9134
813944609378369540,0,3353
813910438903693312,9706,1966
813812741911748608,37990,14698
813800681631023104,8697,1850
813217897535406080,19473,7675
813202720496779264,9613,1894
813187593374461952,20738,4602
813172488309972993,9708,2020
813157409116065792,8106,2328
813142292504645637,8828,2498
813130366689148928,4671,473
813127251579564032,12377,3291
813112105746448384,10754,2893
813096984823349248,10984,3804
813081950185472002,10314,2915
813066809284972545,8320,2055
813051746834595840,21878,7741
812781120811126785,7918,2017
812747805718642688,None,None
812709060537683968,6921,1505
812503143955202048,6340,1294
812466873996607488,8333,2031
812372279581671427,14308,3864
811985624773361665,7584,1480
811744202451197953,7890,1681
811647686436880384,5847,784
811627233043480576,13344,3270
811386762094317568,21849,6723
810984652412424192,5584,1519
810896069567610880,9450,1869
810657578271330305,11479,2797
810284430598270976,36929,11970
810254108431155201,15349,3536
809920764300447744,16190,4143
809808892968534016,0,5160
809448704142938112,7263,1544
809220051211603969,20829,5910
809084759137812480,13819,3716
808838249661788160,10573,3220
808733504066486276,8286,2288
808501579447930884,11814,2744
808344865868283904,44532,21977
808134635716833280,0,6263
808106460588765185,9177,2334
808001312164028416,13151,3735
807621403335917568,15248,3852
807106840509214720,124079,58580
807059379405148160,0,7731
807010152071229440,13664,4064
806629075125202948,78397,36639
806620845233815552,0,5837
806576416489959424,5092,2051
806542213899489280,10704,2488
806242860592926720,0,12287
806219024703037440,6726,1255
805958939288408065,0,5663
805932879469572096,8662,2020
805826884734976000,6878,1927
805823200554876929,0,8483
805520635690676224,6015,1741
805487436403003392,9200,2675
805207613751304193,8165,1803
804738756058218496,14350,4053
804475857670639616,6415,2127
804413760345620481,0,3400
804026241225523202,46683,17049
803773340896923648,10522,2909
803692223237865472,0,7835
803638050916102144,11481,4354
803380650405482500,8123,1962
803321560782307329,0,5615
803276597545603072,10508,2598
802952499103731712,9442,2113
802624713319034886,0,3075
802600418706604034,7448,1551
802572683846291456,9371,2651
802323869084381190,16972,6154
802265048156610565,6915,1439
802247111496568832,None,None
802239329049477120,9495,2759
802185808107208704,0,280
801958328846974976,8094,1800
801854953262350336,1851,249
801538201127157760,8585,2181
801285448605831168,6339,870
801167903437357056,25682,6263
801127390143516673,0,4172
801115127852503040,8459,2218
800859414831898624,720,101
800855607700029440,0,1700
800751577355128832,11029,2942
800513324630806528,13755,3168
800459316964663297,9942,2279
800443802682937345,0,4555
800388270626521089,11691,2963
800188575492947969,0,4174
800141422401830912,16035,2693
800018252395122689,29760,13911
799774291445383169,0,4943
799757965289017345,8793,2282
799422933579902976,8439,2038
799308762079035393,0,5790
799297110730567681,10370,2922
799063482566066176,8459,2608
798933969379225600,13749,4736
798925684722855936,7818,1510
798705661114773508,0,6992
798701998996647937,0,8221
798697898615730177,0,6860
798694562394996736,0,5245
798686750113755136,0,2460
798682547630837760,0,4975
798673117451325440,0,5868
798665375516884993,0,4116
798644042770751489,0,1962
798628517273620480,0,2083
798585098161549313,0,6031
798576900688019456,0,6172
798340744599797760,0,3549
798209839306514432,10888,2708
797971864723324932,12185,3299
797545162159308800,15202,5134
797236660651966464,20916,6991
797165961484890113,236,28
796904159865868288,0,9409
796865951799083009,8047,2017
796759840936919040,12413,3229
796563435802726400,0,7698
796484825502875648,7951,1863
796387464403357696,11535,4388
796177847564038144,0,15105
796149749086875649,33862,15105
796125600683540480,5193,1899
796116448414461957,9563,2554
796080075804475393,8871,2450
796031486298386433,11331,3920
795464331001561088,52135,25051
795400264262053889,10567,3050
795076730285391872,16997,5733
794983741416415232,0,3558
794926597468000259,10772,2436
794355576146903043,0,10873
794332329137291264,10037,2810
794205286408003585,9643,3506
793962221541933056,17615,5160
793845145112371200,9664,1974
793614319594401792,0,3306
793601777308463104,8367,1717
793500921481273345,11201,2511
793286476301799424,25784,9699
793271401113350145,9093,2520
793256262322548741,20960,8807
793241302385262592,11025,3466
793226087023144960,10320,3035
793210959003287553,9362,2952
793195938047070209,16017,5940
793180763617361921,7274,2110
793165685325201412,9870,2935
793150605191548928,6485,1800
793135492858580992,6773,2621
793120401413079041,13304,4131
792913359805018113,15033,4202
792883833364439040,11846,4508
792773781206999040,7704,1777
792394556390137856,14082,4527
792050063153438720,7513,1909
791821351946420224,0,22244
791784077045166082,0,10152
791780927877898241,0,4019
791774931465953280,47281,23443
791672322847637504,12306,3306
791406955684368384,13749,4352
791312159183634433,9195,2676
791026214425268224,0,4334
790987426131050500,10336,2246
790946055508652032,17442,4947
790723298204217344,0,2447
790698755171364864,8591,2027
790581949425475584,21666,7571
790337589677002753,8189,1977
790277117346975746,13149,3353
790227638568808452,0,3771
789986466051088384,9680,2447
789960241177853952,0,4351
789903600034189313,10866,4355
789628658055020548,7865,1875
789599242079838210,7084,2027
789530877013393408,12328,3558
789314372632018944,9036,2413
789280767834746880,0,5214
789268448748703744,9530,2744
789137962068021249,10165,2951
788908386943430656,28692,13112
788765914992902144,28700,10873
788552643979468800,0,7602
788412144018661376,16300,5555
788178268662984705,7568,2216
788150585577050112,6418,1363
788070120937619456,0,3613
788039637453406209,6431,1391
787810552592695296,9076,3231
787717603741622272,10705,2927
787397959788929025,11362,2993
787322443945877504,8151,1838
787111942498508800,0,7095
786963064373534720,27833,8391
786729988674449408,0,2535
786709082849828864,19064,6431
786664955043049472,11122,2688
786595970293370880,9842,3281
786363235746385920,11399,3692
786286427768250368,8335,3012
786233965241827333,15978,5018
786051337297522688,1492,160
786036967502913536,0,7420
785927819176054784,11905,3339
785872687017132033,6996,1921
785639753186217984,8177,2341
785533386513321988,9522,2099
785515384317313025,6383,1330
785264754247995392,7584,1714
785170936622350336,12602,5097
784826020293709826,10581,3400
784517518371221505,9355,2664
784431430411685888,5950,1349
784183165795655680,21017,8483
784057939640352768,31166,11699
783839966405230592,31352,11322
783821107061198850,7679,2060
783695101801398276,10912,3370
783466772167098368,8823,2359
783391753726550016,17612,5774
783347506784731136,0,5879
783334639985389568,30454,12287
783085703974514689,8509,2329
782969140009107456,25187,7731
782747134529531904,7797,1472
782722598790725632,18016,5663
782598640137187329,8129,1974
782305867769217024,17389,5852
782021823840026624,0,6512
781955203444699136,11604,3532
781661882474196992,10904,2847
781655249211752448,4168,1177
781524693396357120,21647,5837
781308096455073793,7443,2677
781251288990355457,8800,2191
781163403222056960,10206,2868
780931614150983680,22545,7698
780858289093574656,7492,2106
780800785462489090,5727,1370
780601303617732608,12634,3501
780543529827336192,6571,1819
780496263422808064,0,3875
780476555013349377,0,121
780459368902959104,5512,1126
780192070812196864,9065,2346
780092040432480260,0,2418
780074436359819264,12753,5217
779834332596887552,19747,7420
779377524342161408,9189,3256
779124354206535695,0,19271
779123168116150273,None,None
779056095788752897,15401,4744
778990705243029504,20852,7570
778774459159379968,0,10403
778764940568104960,899,383
778748913645780993,7188,1378
778650543019483137,6008,1580
778624900596654080,4823,1059
778408200802557953,14218,4542
778396591732486144,0,12815
778383385161035776,6087,1153
778286810187399168,10831,3452
778039087836069888,8834,2760
778027034220126208,6825,1700
777953400541634568,0,3709
777885040357281792,6620,1708
777684233540206592,11692,3075
777641927919427584,0,4428
777621514455814149,9126,2606
777189768882946048,14879,4499
776819012571455488,0,14339
776813020089548800,5078,1271
776477788987613185,9206,2905
776249906839351296,0,9576
776218204058357768,31175,16652
776201521193218049,10000,2634
776113305656188928,12224,4555
776088319444877312,1913,158
775898661951791106,0,17181
775842724423557120,12189,2798
775733305207554048,14404,4172
775729183532220416,13458,4807
775364825476165632,7704,3115
775350846108426240,10568,4080
775096608509886464,None,None
775085132600442880,16184,4943
774757898236878852,8919,1857
774639387460112384,6984,1805
774314403806253056,22630,5790
773985732834758656,11144,4047
773922284943896577,6655,1826
773704687002451968,6872,1700
773670353721753600,5538,1360
773547596996571136,22976,6445
773336787167145985,0,5314
773308824254029826,24179,7801
773247561583001600,9796,3385
773191612633579521,10381,4317
772877495989305348,8899,4051
772826264096874500,8340,2448
772615324260794368,0,3519
772581559778025472,6744,1764
772193107915964416,6281,1449
772152991789019136,3943,1176
772117678702071809,3918,771
772114945936949249,2815,487
772102971039580160,4161,970
771908950375665664,6828,1982
771770456517009408,12461,3549
771500966810099713,8576,2717
771380798096281600,10896,5314
771171053431250945,0,7842
771136648247640064,9501,3049
771102124360998913,6484,1495
771014301343748096,7141,1720
771004394259247104,0,225
770787852854652928,5130,1257
770772759874076672,5374,1476
770743923962707968,None,None
770655142660169732,7593,1829
770414278348247044,6540,2175
770293558247038976,6476,1547
770093767776997377,0,3182
770069151037685760,7862,2393
769940425801170949,32572,9994
769695466921623552,6629,1732
769335591808995329,0,8038
769212283578875904,5603,1786
768970937022709760,14961,6794
768909767477751808,0,2801
768855141948723200,4354,927
768609597686943744,4268,1251
768596291618299904,5221,1334
768554158521745409,0,6067
768473857036525572,14147,3581
768193404517830656,11302,3709
767884188863397888,4938,1447
767754930266464257,16624,5615
767500508068192258,7763,2433
767191397493538821,12735,3940
767122157629476866,10520,2974
766864461642756096,0,5881
766793450729734144,5271,1410
766714921925144576,2699,394
766693177336135680,4165,826
766423258543644672,6239,1658
766313316352462849,7036,1960
766078092750233600,0,2727
766069199026450432,4410,889
766008592277377025,3888,518
765719909049503744,7506,2228
765669560888528897,5376,1266
765395769549590528,27453,3522
765371061932261376,7342,2251
765222098633691136,12037,3519
764857477905154048,6675,1838
764259802650378240,6248,1568
763956972077010945,774,57
763837565564780549,13034,4334
763183847194451968,5581,1538
763167063695355904,0,3146
763103485927849985,7621,2371
762699858130116608,12602,3771
762471784394268675,11652,6715
762464539388485633,10664,4351
762316489655476224,4970,1162
762035686371364864,33080,16199
761976711479193600,5585,2088
761750502866649088,0,4079
761745352076779520,4411,890
761672994376806400,51267,30231
761599872357261312,4267,1227
761371037149827077,0,18773
761334018830917632,5379,1506
761292947749015552,4624,1130
761227390836215808,5495,1622
761004547850530816,11726,3613
760893934457552897,3951,1015
760656994973933572,6841,1982
760641137271070720,5135,1337
760539183865880579,7855,3763
760521673607086080,4376,1449
760290219849637889,27746,11952
760252756032651264,4083,901
760190180481531904,5895,1875
760153949710192640,0,31
759943073749200896,6136,2162
759923798737051648,15173,5881
759846353224826880,6941,2051
759793422261743616,6160,1968
759566828574212096,0,21909
759557299618865152,4861,1224
759447681597108224,8789,2535
759446261539934208,1727,503
759197388317847553,6266,2018
759159934323924993,0,1209
759099523532779520,14996,4324
759047813560868866,6713,2104
758854675097526272,3661,928
758828659922702336,11568,3989
758740312047005698,5918,1667
758474966123810816,3937,1035
758467244762497024,4960,2304
758405701903519748,5371,1996
758355060040593408,3524,1123
758099635764359168,19783,10403
758041019896193024,2791,387
757741869644341248,7101,3368
757729163776290825,0,8324
757725642876129280,4686,1259
757611664640446465,4716,1146
757597904299253760,0,306
757596066325864448,4479,1086
757400162377592832,15646,7096
757393109802180609,6013,1798
757354760399941633,4671,1476
756998049151549440,6490,2056
756939218950160384,6860,2077
756651752796094464,5221,1353
756526248105566208,10746,3726
756303284449767430,4071,1131
756288534030475264,44204,18083
756275833623502848,6635,1585
755955933503782912,7563,2980
755206590534418437,16978,5535
755110668769038337,21911,11488
754874841593970688,0,8223
754856583969079297,7102,2610
754747087846248448,2660,542
754482103782404096,5478,2020
754449512966619136,3870,754
754120377874386944,8121,2439
754011816964026368,None,None
753655901052166144,6015,2237
753420520834629632,8177,3683
753398408988139520,5957,1983
753375668877008896,7883,2418
753298634498793472,0,5931
753294487569522689,3487,1079
753039830821511168,38300,21684
753026973505581056,4030,1005
752932432744185856,13025,7095
752917284578922496,7109,1635
752701944171524096,0,2970
752682090207055872,6172,1652
752660715232722944,4527,1617
752568224206688256,5696,2364
752519690950500352,7596,3558
752334515931054080,3931,1141
752309394570878976,0,16981
752173152931807232,6119,1899
751950017322246144,3159,959
751937170840121344,5358,1382
751830394383790080,5973,2017
751793661361422336,6033,2997
751598357617971201,8155,3135
751583847268179968,4533,1144
751538714308972544,5198,1303
751456908746354688,3304,1035
751251247299190784,12881,6090
751205363882532864,6507,1886
751132876104687617,5210,1343
750868782890057730,4929,1427
750719632563142656,13582,5214
750506206503038976,4572,1182
750429297815552001,13563,4428
750383411068534784,4690,1187
750381685133418496,725,29
750147208377409536,3200,988
750132105863102464,3736,1338
750117059602808832,4459,1353
750101899009982464,3137,867
750086836815486976,2233,557
750071704093859840,8110,3445
750056684286914561,3242,928
750041628174217216,3268,641
750026558547456000,2787,810
750011400160841729,3330,936
749996283729883136,3149,842
749981277374128128,5258,2530
749774190421639168,4794,1359
749417653287129088,6275,1697
749403093750648834,2698,554
749395845976588288,8850,3560
749317047558017024,5642,2300
749075273010798592,5919,2137
749064354620928000,4933,1565
749036806121881602,3194,816
748977405889503236,11042,3514
748932637671223296,5995,2336
748705597323898880,2845,975
748699167502000129,4880,1647
748692773788876800,4356,1364
748575535303884801,6234,2041
748568946752774144,2249,686
748346686624440324,5365,1270
748337862848962560,7885,4232
748324050481647620,3784,781
748307329658011649,3767,729
748220828303695873,14552,8048
747963614829678593,5925,2211
747933425676525569,6803,2619
747885874273214464,3026,1008
747844099428986880,2885,771
747816857231626240,4977,1197
747651430853525504,1422,160
747648653817413632,13270,6021
747600769478692864,2384,567
747594051852075008,3781,1079
747512671126323200,5689,1645
747461612269887489,3973,1066
747439450712596480,5581,1974
747242308580548608,0,2967
747219827526344708,5424,1624
747204161125646336,3468,944
747103485104099331,9835,4085
746906459439529985,2971,308
746872823977771008,6140,2192
746818907684614144,5439,1784
746790600704425984,5004,1640
746757706116112384,9825,4019
746726898085036033,6211,1845
746542875601690625,5171,1925
746521445350707200,0,1013
746507379341139972,4765,1111
746369468511756288,6336,1685
746131877086527488,7096,2279
746056683365994496,3640,836
745789745784041472,4124,1097
745712589599014916,7173,2393
745433870967832576,7269,2617
745422732645535745,8814,2501
745314880350101504,7364,2849
745074613265149952,8037,3619
745057283344719872,7425,2338
744995568523612160,3039,638
744971049620602880,8089,2762
744709971296780288,5746,1614
744334592493166593,6956,2187
744234799360020481,160628,80357
744223424764059648,1718,376
743980027717509120,4269,1126
743895849529389061,3730,985
743835915802583040,0,2149
743609206067040256,4598,1413
743595368194129920,18901,6739
743545585370791937,3626,969
743510151680958465,8110,3809
743253157753532416,4336,1259
743222593470234624,6364,1949
743210557239623680,3951,1409
742534281772302336,7228,3657
742528092657332225,4538,2031
742465774154047488,7440,3985
742423170473463808,10055,3875
742385895052087300,6972,2029
742161199639494656,4454,1418
742150209887731712,5265,1584
741793263812808706,4666,1552
741743634094141440,8381,2843
741438259667034112,3759,853
741303864243200000,9000,3312
741099773336379392,10253,5668
741067306818797568,9701,3182
740995100998766593,6531,2820
740711788199743490,3496,964
740699697422163968,2908,805
740676976021798912,18594,6992
740373189193256964,35671,13655
740365076218183684,2525,441
740359016048689152,3376,879
740214038584557568,6852,2021
739979191639244800,20446,6067
739932936087216128,4146,1107
739844404073074688,3896,880
739623569819336705,3869,1393
739606147276148736,5490,1699
739544079319588864,40556,21909
739485634323156992,7328,3013
739238157791694849,118615,59560
738891149612572673,112,6
738885046782832640,3852,1172
738883359779196928,3387,818
738537504001953792,5217,1588
738402415918125056,3314,860
738184450748633089,4413,1242
738166403467907072,8989,3462
738156290900254721,2569,663
737826014890496000,5388,1806
737800304142471168,10225,3561
737678689543020544,5149,1365
737445876994609152,10502,4568
737322739594330112,3682,833
737310737551491075,15021,7587
736736130620620800,4387,1780
736392552031657984,18122,7602
736365877722001409,4073,1277
736225175608430592,8301,2842
736010884653420544,8073,3072
735991953473572864,3676,1182
735648611367784448,4104,1131
735635087207878657,6315,2395
735274964362878976,13292,5178
735256018284875776,3409,905
735137028879360001,3196,991
734912297295085568,2801,536
734787690684657664,12836,6433
734776360183431168,2566,555
734559631394082816,1522,407
733828123016450049,3655,804
733822306246479872,3747,1036
733482008106668032,3210,969
733460102733135873,4300,1315
733109485275860992,50327,17181
732732193018155009,2494,550
732726085725589504,3618,908
732585889486888962,3761,790
732375214819057664,8263,2576
732005617171337216,15243,5544
731285275100512256,3557,1005
731156023742988288,3914,1299
730924654643314689,6274,2026
730573383004487680,5021,2178
730427201120833536,3557,1069
730211855403241472,3907,1074
730196704625098752,4964,1958
729854734790754305,4131,1158
729838605770891264,1751,393
729823566028484608,4067,1273
729463711119904772,5918,2368
729113531270991872,1920,331
728986383096946689,3213,836
728760639972315136,4768,1751
728751179681943552,2833,690
728653952833728512,3378,1056
728409960103686147,5021,2055
728387165835677696,3755,982
728046963732717569,4409,1215
728035342121635841,4657,1699
728015554473250816,4195,1131
727685679342333952,3009,651
727644517743104000,6013,1786
727524757080539137,4558,1250
727314416056803329,3404,761
727286334147182592,3103,828
727175381690781696,3978,1414
727155742655025152,3713,1362
726935089318363137,7040,2507
726887082820554753,3912,1552
726828223124897792,3634,1023
726224900189511680,4501,1171
725842289046749185,7189,2727
725786712245440512,4237,1392
725729321944506368,5297,1829
725458796924002305,1439,630
724983749226668032,3793,1340
724771698126512129,2414,652
724405726123311104,5387,1678
724049859469295616,4407,1816
724046343203856385,2710,572
724004602748780546,4257,1598
723912936180330496,3976,1260
723688335806480385,7835,3014
723673163800948736,3076,910
723179728551723008,5388,1897
722974582966214656,4188,1592
722613351520608256,5068,1666
721503162398597120,4726,1903
721001180231503872,2585,626
720785406564900865,3178,784
720775346191278080,2539,680
720415127506415616,4215,1528
720389942216527872,6516,2560
720340705894408192,2932,996
720059472081784833,3952,1140
720043174954147842,5006,2053
719991154352222208,4932,1780
719704490224398336,4648,1473
719551379208073216,5159,1954
719367763014393856,2855,756
719339463458033665,4510,1271
719332531645071360,3491,973
718971898235854848,3560,1097
718939241951195136,5353,1799
718631497683582976,19210,8221
718613305783398402,2480,490
718540630683709445,2527,1037
718460005985447936,2758,533
718454725339934721,4958,1535
718246886998687744,1973,510
718234618122661888,3958,1022
717841801130979328,2511,611
717790033953034240,2941,1141
717537687239008257,5881,1883
717428917016076293,1644,457
717421804990701568,3219,861
717047459982213120,6410,1968
717009362452090881,3323,991
716802964044845056,4384,1198
716791146589110272,7442,1560
716730379797970944,1261,439
716447146686459905,13331,6003
716439118184652801,2420,214
716285507865542656,2829,1091
716080869887381504,6875,1947
715928423106027520,3262,895
715758151270801409,3795,1462
715733265223708672,4759,1719
715704790270025728,2863,574
715696743237730304,3988,1320
715680795826982913,4411,1649
715360349751484417,5579,1607
715342466308784130,3100,705
715220193576927233,2466,665
715200624753819648,5246,1925
715009755312439296,4255,1261
714982300363173890,3826,1056
714962719905021952,7507,4375
714957620017307648,4214,1437
714631576617938945,3337,1023
714606013974974464,3707,943
714485234495041536,2750,1161
714258258790387713,3086,729
714251586676113411,3343,845
714214115368108032,2321,893
714141408463036416,4392,1427
713919462244790272,3361,797
713909862279876608,1957,546
713900603437621249,2901,755
713761197720473600,4979,1403
713411074226274305,4517,1322
713177543487135744,7379,2896
713175907180089344,4558,1495
712809025985978368,18933,6860
712717840512598017,12595,5100
712668654853337088,4263,1235
712438159032893441,5443,1593
712309440758808576,247,25
712097430750289920,3867,1061
712092745624633345,3004,907
712085617388212225,3329,495
712065007010385924,2311,641
711998809858043904,0,130
711968124745228288,8235,2362
711743778164514816,2911,1008
711732680602345472,9065,4211
711694788429553666,33553,18773
711652651650457602,3937,936
711363825979756544,3740,1163
711306686208872448,3388,746
711008018775851008,3054,624
710997087345876993,4664,1405
710844581445812225,2604,710
710833117892898816,2748,545
710658690886586372,2363,572
710609963652087808,4895,2425
710588934686908417,4646,1910
710296729921429505,2425,754
710283270106132480,2191,529
710272297844797440,4632,1274
710269109699739648,2446,1148
710153181850935296,2967,911
710140971284037632,2827,905
710117014656950272,5616,2034
709918798883774466,3059,1085
709901256215666688,688,102
709852847387627521,3596,1224
709566166965075968,3616,1227
709556954897764353,3364,1090
709519240576036864,1523,240
709449600415961088,2285,589
709409458133323776,2675,699
709225125749587968,2457,582
709207347839836162,12856,5944
709198395643068416,2480,658
709179584944730112,2055,683
709158332880297985,2088,425
709042156699303936,4857,1673
708853462201716736,1832,668
708845821941387268,3060,914
708834316713893888,1720,510
708810915978854401,16837,7086
708738143638450176,2808,839
708711088997666817,2607,737
708479650088034305,2614,688
708469915515297792,3166,835
708400866336894977,16356,10328
708356463048204288,3676,1351
708349470027751425,2401,755
708149363256774660,4375,1589
708130923141795840,3468,863
708119489313951744,2748,1005
708109389455101952,1985,557
708026248782585858,4475,1967
707995814724026368,3205,1149
707983188426153984,51,2
707969809498152960,2767,987
707776935007539200,3350,970
707741517457260545,2548,628
707738799544082433,4182,2529
707693576495472641,3493,1022
707629649552134146,2628,900
707610948723478529,17342,6512
707420581654872064,2326,708
707411934438625280,2342,608
707387676719185920,3582,1320
707377100785885184,3356,1108
707315916783140866,2533,661
707297311098011648,2844,808
707059547140169728,2647,690
707038192327901184,2241,806
707021089608753152,4178,1403
707014260413456384,2352,604
706904523814649856,14922,8038
706901761596989440,2111,608
706681918348251136,3399,995
706644897839910912,2635,1124
706593038911545345,2208,646
706538006853918722,3543,1458
706516534877929472,3170,1053
706346369204748288,3529,947
706310011488698368,21848,8151
706291001778950144,1737,482
706265994973601792,2794,951
706169069255446529,3992,2275
706166467411222528,5270,1639
706153300320784384,1518,387
705975130514706432,3180,749
705970349788291072,3219,914
705898680587526145,2414,568
705786532653883392,1989,531
705591895322394625,3242,1177
705475953783398401,3018,939
705442520700944385,4539,1667
705428427625635840,3897,1725
705239209544720384,3072,765
705223444686888960,2634,810
705102439679201280,2198,523
705066031337840642,2228,630
704871453724954624,4364,1137
704859558691414016,2306,553
704847917308362754,5212,1569
704819833553219584,2701,1010
704761120771465216,6778,2967
704499785726889984,2997,1031
704491224099647488,779,81
704480331685040129,3464,1088
704364645503647744,8188,3642
704347321748819968,1619,358
704134088924532736,1541,475
704113298707505153,1894,577
704054845121142784,3001,930
703774238772166656,1879,476
703769065844768768,3357,1166
703631701117943808,2650,698
703611486317502464,3942,1563
703425003149250560,3879,1396
703407252292673536,2509,714
703382836347330562,3591,1163
703356393781329922,1953,394
703268521220972544,2012,558
703079050210877440,7571,3167
703041949650034688,26945,12815
702932127499816960,2656,742
702899151802126337,1642,464
702684942141153280,3308,1097
702671118226825216,2254,571
702598099714314240,12477,3519
702539513671897089,2941,981
702332542343577600,3259,1587
702321140488925184,3351,1063
702276748847800320,2530,785
702217446468493312,4908,1372
701981390485725185,3531,1012
701952816642965504,3912,1051
701889187134500865,3619,1422
701805642395348998,3508,1728
701601587219795968,2137,469
701570477911896070,2884,951
701545186879471618,2721,623
701214700881756160,12515,5245
700890391244103680,2265,578
700864154249383937,2656,633
700847567345688576,2509,515
700796979434098688,2497,974
700747788515020802,23412,9576
700518061187723268,2679,816
700505138482569216,2338,589
700462010979500032,4228,1834
700167517596164096,2702,760
700151421916807169,2286,687
700143752053182464,7702,2801
700062718104104960,2718,709
700029284593901568,2124,602
700002074055016451,3396,1375
699801817392291840,3134,977
699788877217865730,2289,518
699779630832685056,2819,1274
699775878809702401,2004,616
699691744225525762,10518,4735
699446877801091073,6087,2671
699434518667751424,2217,525
699423671849451520,1405,337
699413908797464576,2127,632
699370870310113280,1933,452
699323444782047232,3240,887
699088579889332224,2293,650
699079609774645248,2510,674
699072405256409088,3068,1220
699060279947165696,3861,1847
699036661657767936,2664,1222
698989035503689728,3455,1002
698953797952008193,2771,929
698907974262222848,2600,642
698710712454139905,2533,698
698703483621523456,1487,391
698635131305795584,1320,348
698549713696649216,2382,639
698355670425473025,1913,462
698342080612007937,2314,971
698262614669991936,4875,2049
698195409219559425,17175,6127
698178924120031232,2879,763
697995514407682048,1555,341
697990423684476929,3366,1324
697943111201378304,2448,703
697881462549430272,3086,1216
697630435728322560,1796,551
697616773278015490,3237,1034
697596423848730625,3098,1288
697575480820686848,2091,511
697516214579523584,2122,1149
697482927769255936,2473,692
697463031882764288,3497,1422
697270446429966336,4797,1924
697259378236399616,3364,1028
697255105972801536,3098,1191
697242256848379904,2573,685
696900204696625153,3247,1044
696894894812565505,2400,692
696886256886657024,4982,1847
696877980375769088,2495,722
696754882863349760,1517,370
696744641916489729,2119,963
696713835009417216,2428,666
696518437233913856,3997,1745
696490539101908992,1240,145
696488710901260288,2601,1044
696405997980676096,3281,1180
696100768806522880,1980,674
695816827381944320,3078,1193
695794761660297217,3239,796
695767669421768709,1912,765
695629776980148225,4684,2152
695446424020918272,4495,1857
695409464418041856,8872,3676
695314793360662529,3721,1490
695095422348574720,2697,631
695074328191332352,2913,1130
695064344191721472,1633,605
695051054296211456,2728,801
694925794720792577,2765,941
694905863685980160,2816,956
694669722378485760,36627,14755
694356675654983680,1539,293
694352839993344000,2088,632
694342028726001664,1604,491
694329668942569472,2048,514
694206574471057408,4268,2082
694183373896572928,3018,953
694001791655137281,3481,1052
693993230313091072,1914,414
693942351086120961,1777,376
693647888581312512,2758,605
693644216740769793,1373,126
693642232151285760,2598,418
693629975228977152,2505,812
693622659251335168,1575,378
693590843962331137,5176,2012
693582294167244802,1688,259
693486665285931008,1822,651
693280720173801472,3443,1267
693267061318012928,2443,833
693262851218264065,2279,511
693231807727280129,2936,752
693155686491000832,8062,3282
693109034023534592,1760,638
693095443459342336,1908,478
692919143163629568,2727,770
692905862751522816,2489,894
692901601640583168,1813,616
692894228850999298,2327,824
692828166163931137,2941,902
692752401762250755,6990,3729
692568918515392513,4455,1576
692535307825213440,3257,1396
692530551048294401,1879,422
692423280028966913,1515,233
692417313023332352,9561,3565
692187005137076224,2589,839
692158366030913536,2190,806
692142790915014657,1682,402
692041934689402880,3483,1298
692017291282812928,2939,983
691820333922455552,4048,1702
691793053716221953,8330,4330
691756958957883396,2938,1034
691675652215414786,1994,522
691483041324204033,2437,576
691459709405118465,4139,1169
691444869282295808,2712,869
691416866452082688,19784,7835
691321916024623104,2632,673
691096613310316544,3029,901
691090071332753408,1755,342
690989312272396288,6037,2947
690959652130045952,3677,1281
690938899477221376,4219,2027
690932576555528194,3373,1051
690735892932222976,3873,1300
690728923253055490,2229,528
690690673629138944,2380,829
690649993829576704,1338,287
690607260360429569,297,17
690597161306841088,2009,624
690400367696297985,1923,464
690374419777196032,3333,868
690360449368465409,2715,910
690348396616552449,1545,529
690248561355657216,1719,427
690021994562220032,2862,1053
690015576308211712,2569,755
690005060500217858,3749,1733
689999384604450816,1462,381
689993469801164801,1493,464
689977555533848577,1402,459
689905486972461056,2496,709
689877686181715968,3103,1205
689835978131935233,2210,762
689661964914655233,3286,947
689659372465688576,10618,3986
689623661272240129,2280,655
689599056876867584,11926,5675
689557536375177216,2102,468
689517482558820352,3481,1470
689289219123089408,2308,966
689283819090870273,3357,1134
689280876073582592,2031,728
689275259254616065,1177,247
689255633275777024,2619,1109
689154315265683456,3143,1022
689143371370250240,2058,522
688916208532455424,2790,896
688908934925697024,2166,790
688898160958271489,2152,797
688894073864884227,2291,710
688828561667567616,1412,381
688804835492233216,985,195
688789766343622656,2271,676
688547210804498433,2674,719
688519176466644993,2376,744
688385280030670848,9514,4575
688211956440801280,2290,853
688179443353796608,2178,597
688116655151435777,2903,801
688064179421470721,1768,367
687841446767013888,5607,2586
687826841265172480,2801,1155
687818504314159109,2550,973
687807801670897665,2451,728
687732144991551489,1803,682
687704180304273409,2495,861
687664829264453632,1988,519
687494652870668288,1949,588
687480748861947905,1638,248
687476254459715584,2028,547
687460506001633280,2108,556
687399393394311168,1942,636
687317306314240000,20626,9409
687312378585812992,4468,1947
687127927494963200,5592,2353
687124485711986689,2220,514
687109925361856513,5952,2532
687102708889812993,2396,1007
687096057537363968,2298,617
686947101016735744,8824,3276
686760001961103360,3608,1417
686749460672679938,3564,1488
686730991906516992,4241,1233
686683045143953408,2893,828
686618349602762752,3782,1397
686606069955735556,1941,554
686394059078897668,1782,700
686386521809772549,3338,901
686377065986265092,2263,581
686358356425093120,2243,692
686286779679375361,4100,1698
686050296934563840,2253,741
686035780142297088,1184,121
686034024800862208,3194,1185
686007916130873345,2548,426
686003207160610816,1869,652
685973236358713344,2156,536
685943807276412928,1667,609
685906723014619143,7696,2977
685681090388975616,2078,129
685667379192414208,2409,591
685663452032069632,3335,1500
685641971164143616,3007,804
685547936038666240,33778,16092
685532292383666176,3109,1194
685325112850124800,9706,4079
685321586178670592,2716,663
685315239903100929,3427,1090
685307451701334016,2125,456
685268753634967552,3180,1229
685198997565345792,2396,684
685169283572338688,4212,1462
684969860808454144,2429,381
684959798585110529,6988,3220
684940049151070208,3299,1069
684926975086034944,3586,474
684914660081053696,3595,1501
684902183876321280,1923,545
684880619965411328,2152,840
684830982659280897,35904,22244
684800227459624960,2786,1031
684594889858887680,9136,3623
684588130326986752,4213,1452
684567543613382656,3097,1264
684538444857667585,2712,979
684481074559381504,3977,1203
684460069371654144,2027,571
684241637099323392,8357,3373
684225744407494656,1263,214
684222868335505415,3925,1406
684200372118904832,2215,1059
684195085588783105,1961,525
684188786104872960,3577,1210
684177701129875456,2067,680
684147889187209216,3055,1546
684122891630342144,2053,483
684097758874210310,4222,1468
683857920510050305,3902,1142
683852578183077888,1977,357
683849932751646720,2672,995
683834909291606017,2692,1139
683828599284170753,2871,1094
683773439333797890,3426,1393
683742671509258241,6651,3414
683515932363329536,7518,2970
683498322573824003,3240,987
683481228088049664,2710,1023
683462770029932544,2487,695
683449695444799489,3998,1641
683391852557561860,7822,2460
683357973142474752,3004,953
683142553609318400,2950,1071
683111407806746624,3477,934
683098815881154561,2213,677
683078886620553216,2031,577
683030066213818368,2206,753
682962037429899265,37796,17096
682808988178739200,1821,180
682788441537560576,2531,1140
682750546109968385,1552,449
682697186228989953,1343,369
682662431982772225,3134,1111
682638830361513985,2114,619
682429480204398592,3512,1194
682406705142087680,7767,1811
682393905736888321,2287,696
682389078323662849,1704,476
682303737705140231,3134,1022
682259524040966145,4260,1241
682242692827447297,3337,1201
682088079302213632,18728,10152
682059653698686977,5064,1734
682047327939461121,3269,976
682032003584274432,6746,2069
682003177596559360,3213,1569
681981167097122816,2868,1064
681891461017812993,2522,839
681694085539872773,13086,4174
681679526984871937,1810,457
681654059175129088,2700,952
681610798867845120,1949,484
681579835668455424,3634,1336
681523177663676416,14653,5931
681340665377193984,1672,287
681339448655802368,9512,4193
681320187870711809,2706,771
681302363064414209,4037,1864
681297372102656000,3283,986
681281657291280384,3295,1126
681261549936340994,1488,281
681242418453299201,1519,551
681231109724700672,2460,500
681193455364796417,3781,1523
680970795137544192,2477,676
680959110691590145,4677,2052
680940246314430465,3279,1077
680934982542561280,2120,447
680913438424612864,2453,637
680889648562991104,1803,375
680836378243002368,3538,1358
680805554198020098,2202,679
680801747103793152,2427,837
680798457301471234,2915,1063
680609293079592961,2697,724
680583894916304897,3707,1376
680497766108381184,4324,1966
680494726643068929,1760,495
680473011644985345,2603,759
680440374763077632,1483,512
680221482581123072,1490,298
680206703334408192,2897,1203
680191257256136705,2191,511
680176173301628928,3980,1594
680161097740095489,2372,754
680145970311643136,3690,1784
680130881361686529,2336,970
680115823365742593,2773,926
680100725817409536,3653,1411
680085611152338944,13075,9180
680070545539371008,2640,900
680055455951884288,None,None
679877062409191424,2011,667
679872969355714560,2224,679
679862121895714818,2502,640
679854723806179328,2917,1259
679844490799091713,2417,781
679828447187857408,37031,14339
679777920601223168,3148,1135
679736210798047232,2133,814
679729593985699840,2204,847
679722016581222400,1688,476
679530280114372609,4872,2131
679527802031484928,2693,737
679511351870550016,3437,1294
679503373272485890,3214,1506
679475951516934144,2129,654
679462823135686656,32345,19271
679405845277462528,2417,1230
679158373988876288,21808,8223
679148763231985668,2829,1051
679132435750195208,3019,1183
679111216690831360,6086,2617
679062614270468097,17335,8324
679047485189439488,2288,685
679001094530465792,2883,1253
678991772295516161,2354,1194
678969228704284672,1676,472
678800283649069056,2624,923
678798276842360832,3512,1194
678774928607469569,2853,930
678767140346941444,3602,1388
678764513869611008,1663,486
678755239630127104,7256,3352
678740035362037760,3820,1714
678708137298427904,5678,2478
678675843183484930,2914,1502
678643457146150913,2082,425
678446151570427904,4074,1588
678424312106393600,5509,2594
678410210315247616,4307,1854
678399652199309312,80501,32390
678396796259975168,1620,422
678389028614488064,1901,433
678380236862578688,2483,928
678341075375947776,1753,545
678334497360859136,1320,259
678278586130948096,11606,6181
678255464182861824,1614,372
678023323247357953,1954,390
678021115718029313,13938,6438
677961670166224897,3471,1710
677918531514703872,1373,420
677895101218201600,4913,2129
677716515794329600,3108,989
677700003327029250,3436,1467
677698403548192770,1247,325
677687604918272002,2518,857
677673981332312066,3374,1523
677662372920729601,1966,972
677644091929329666,1882,810
677573743309385728,2161,727
677565715327688705,1312,470
677557565589463040,2466,1173
677547928504967168,7024,3722
677530072887205888,1085,233
677335745548390400,3075,1810
677334615166730240,1367,290
677331501395156992,1104,237
677328882937298944,3683,1526
677314812125323265,1662,534
677301033169788928,1248,408
677269281705472000,2016,713
677228873407442944,3586,1664
677187300187611136,2778,937
676975532580409345,2812,1090
676957860086095872,2253,818
676949632774234114,1324,398
676948236477857792,2200,871
676946864479084545,1742,376
676942428000112642,2098,763
676936541936185344,12853,4975
676916996760600576,3004,1820
676897532954456065,2277,726
676864501615042560,2125,718
676821958043033607,23270,15805
676819651066732545,1826,678
676811746707918848,1433,429
676776431406465024,5056,2045
676617503762681856,2928,985
676613908052996102,1093,201
676606785097199616,1898,442
676603393314578432,1169,385
676593408224403456,4622,2176
676590572941893632,918,126
676588346097852417,2334,796
676582956622721024,1210,280
676575501977128964,2610,1125
676533798876651520,1889,562
676496375194980353,1531,535
676470639084101634,11707,4717
676440007570247681,1736,675
676430933382295552,1410,347
676263575653122048,2091,555
676237365392908289,1231,290
676219687039057920,76384,31322
676215927814406144,1760,587
676191832485810177,2299,1043
676146341966438401,1929,664
676121918416756736,2176,1167
676101918813499392,2835,1174
676098748976615425,3035,1441
676089483918516224,1323,438
675898130735476737,1634,572
675891555769696257,2146,867
675888385639251968,2398,965
675878199931371520,4203,1405
675870721063669760,1648,572
675853064436391936,2703,1306
675849018447167488,943,146
675845657354215424,2290,888
675822767435051008,1528,537
675820929667219457,1054,234
675798442703122432,10311,3420
675781562965868544,1640,473
675740360753160193,1174,347
675710890956750848,1898,823
675707330206547968,1988,693
675706639471788032,646,97
675534494439489536,1828,420
675531475945709568,1189,387
675522403582218240,1044,289
675517828909424640,1295,466
675501075957489664,17224,5868
675497103322386432,3157,1304
675489971617296384,1305,602
675483430902214656,1843,984
675432746517426176,1529,569
675372240448454658,1693,517
675362609739206656,1051,234
675354435921575936,32769,16981
675349384339542016,3935,2270
675334060156301312,2784,1294
675166823650848770,3624,1603
675153376133427200,6293,2599
675149409102012420,3740,1690
675147105808306176,943,236
675146535592706048,1196,308
675145476954566656,2139,908
675135153782571009,1300,496
675113801096802304,1953,789
675111688094527488,965,253
675109292475830276,2796,1136
675047298674663426,1060,329
675015141583413248,2714,1190
675006312288268288,989,229
675003128568291329,1563,470
674999807681908736,2252,1103
674805413498527744,860,357
674800520222154752,3024,862
674793399141146624,2516,1085
674790488185167872,1102,250
674788554665512960,819,208
674781762103414784,2006,1204
674774481756377088,1116,475
674767892831932416,1828,793
674764817387900928,786,238
674754018082705410,1364,448
674752233200820224,1459,466
674743008475090944,1402,552
674742531037511680,488,50
674739953134403584,1106,387
674737130913071104,645,93
674690135443775488,1147,466
674670581682434048,1602,647
674664755118911488,921,255
674646392044941312,1440,495
674644256330530816,1022,266
674638615994089473,1682,583
674632714662858753,1505,577
674606911342424069,940,97
674468880899788800,6219,2034
674447403907457024,1061,356
674436901579923456,1112,394
674422304705744896,1436,535
674416750885273600,681,140
674410619106390016,1198,464
674394782723014656,1508,574
674372068062928900,847,315
674330906434379776,560,73
674318007229923329,1420,517
674307341513269249,11304,6934
674291837063053312,14700,5879
674271431610523648,1569,733
674269164442398721,907,227
674265582246694913,1650,848
674262580978937856,1303,454
674255168825880576,1463,550
674082852460433408,755,167
674075285688614912,984,288
674063288070742018,6351,2198
674053186244734976,3318,1294
674051556661161984,1443,486
674045139690631169,1418,640
674042553264685056,721,129
674038233588723717,1098,414
674036086168010753,846,213
674024893172875264,1781,1210
674019345211760640,1127,300
674014384960745472,1560,636
674008982932058114,1195,350
673956914389192708,1941,952
673919437611909120,1163,374
673906403526995968,3179,1626
673887867907739649,927,251
673716320723169284,3067,742
673715861853720576,3530,2058
673711475735838725,1033,297
673709992831262724,845,273
673708611235921920,1076,285
673707060090052608,1092,389
673705679337693185,1250,404
673700254269775872,1432,561
673697980713705472,3773,1934
673689733134946305,1728,649
673688752737402881,1261,493
673686845050527744,1431,436
673680198160809984,1367,467
673662677122719744,1247,364
673656262056419329,717,238
673636718965334016,1097,357
673612854080196609,1592,724
673583129559498752,1178,358
673580926094458881,829,270
673576835670777856,1380,557
673363615379013632,1017,306
673359818736984064,1440,666
673355879178194945,1480,569
673352124999274496,1646,533
673350198937153538,743,212
673345638550134785,2491,1256
673343217010679808,962,270
673342308415348736,1262,578
673320132811366400,13380,7842
673317986296586240,871,256
673295268553605120,7473,3146
673270968295534593,1057,365
673240798075449344,1412,726
673213039743795200,2230,834
673148804208660480,1676,623
672997845381865473,1962,717
672995267319328768,946,290
672988786805112832,979,292
672984142909456390,1252,540
672980819271634944,1809,992
672975131468300288,1664,899
672970152493887488,940,353
672968025906282496,1305,543
672964561327235073,1409,635
672902681409806336,1350,502
672898206762672129,898,424
672884426393653248,1533,832
672877615439593473,1020,363
672834301050937345,1304,561
672828477930868736,1246,489
672640509974827008,971,318
672622327801233409,1289,486
672614745925664768,1215,577
672609152938721280,1106,385
672604026190569472,1103,399
672594978741354496,1319,604
672591762242805761,941,332
672591271085670400,716,180
672538107540070400,1022,361
672523490734551040,632,167
672488522314567680,1103,437
672482722825261057,1123,593
672481316919734272,710,124
672475084225949696,1420,695
672466075045466113,1348,534
672272411274932228,6412,3338
672267570918129665,1486,609
672264251789176834,1127,333
672256522047614977,2796,1531
672254177670729728,1421,732
672248013293752320,1712,600
672245253877968896,677,156
672239279297454080,888,319
672231046314901505,1814,997
672222792075620352,776,210
672205392827572224,2246,1143
672169685991993344,1008,366
672160042234327040,867,353
672139350159835138,1733,691
672125275208069120,2378,1129
672095186491711488,995,368
672082170312290304,934,359
672068090318987265,1281,514
671896809300709376,8437,4116
671891728106971137,1323,567
671882082306625538,3435,1367
671879137494245376,1405,668
671874878652489728,1237,550
671866342182637568,1106,486
671855973984772097,898,436
671789708968640512,7006,3450
671768281401958400,1182,503
671763349865160704,1661,907
671744970634719232,1346,760
671743150407421952,740,233
671735591348891648,1432,744
671729906628341761,8428,4305
671561002136281088,12697,7142
671550332464455680,904,206
671547767500775424,1339,589
671544874165002241,1957,1036
671542985629241344,1086,557
671538301157904385,920,393
671536543010570240,1160,400
671533943490011136,1010,570
671528761649688577,838,260
671520732782923777,1391,523
671518598289059840,945,290
671511350426865664,1595,705
671504605491109889,6943,3516
671497587707535361,904,441
671488513339211776,1006,464
671486386088865792,575,196
671485057807351808,756,229
671390180817915904,1427,735
671362598324076544,1095,293
671357843010908160,396,147
671355857343524864,479,114
671347597085433856,950,422
671186162933985280,732,207
671182547775299584,1111,341
671166507850801152,865,348
671163268581498880,1649,1094
671159727754231808,369,82
671154572044468225,707,216
671151324042559489,663,152
671147085991960577,665,221
671141549288370177,1147,654
671138694582165504,912,398
671134062904504320,741,194
671122204919246848,3465,2494
671115716440031232,1361,770
671109016219725825,1129,436
670995969505435648,1098,291
670842764863651840,24368,8584
670840546554966016,584,193
670838202509447168,1095,685
670833812859932673,436,121
670832455012716544,726,213
670826280409919488,5488,4003
670823764196741120,764,187
670822709593571328,604,93
670815497391357952,3144,1521
670811965569282048,1115,268
670807719151067136,1149,490
670804601705242624,1938,950
670803562457407488,339,87
670797304698376195,733,235
670792680469889025,822,275
670789397210615808,655,239
670786190031921152,600,200
670783437142401025,816,387
670782429121134593,1548,760
670780561024270336,781,287
670778058496974848,324,72
670764103623966721,1061,414
670755717859713024,435,109
670733412878163972,953,507
670727704916926465,820,354
670717338665226240,1193,486
670704688707301377,766,370
670691627984359425,587,242
670679630144274432,743,278
670676092097810432,245,42
670668383499735048,10591,4963
670474236058800128,1502,733
670468609693655041,350,86
670465786746662913,967,544
670452855871037440,543,203
670449342516494336,1186,645
670444955656130560,6661,1962
670442337873600512,637,198
670435821946826752,1042,510
670434127938719744,1388,642
670433248821026816,325,112
670428280563085312,1367,613
670427002554466305,518,161
670421925039075328,1293,625
670420569653809152,622,310
670417414769758208,565,315
670411370698022913,2004,882
670408998013820928,553,221
670403879788544000,427,154
670385711116361728,554,203
670374371102445568,745,268
670361874861563904,326,66
670338931251150849,419,108
670319130621435904,3840,1209
670303360680108032,427,130
670290420111441920,698,283
670093938074779648,1014,330
670086499208155136,691,246
670079681849372674,2209,1214
670073503555706880,1562,773
670069087419133954,620,234
670061506722140161,755,334
670055038660800512,666,332
670046952931721218,642,172
670040295598354432,751,110
670037189829525505,583,270
670003130994700288,331,92
669993076832759809,323,83
669972011175813120,444,158
669970042633789440,302,59
669942763794931712,499,159
669926384437997569,369,100
669923323644657664,230,55
669753178989142016,804,392
669749430875258880,264,65
669684865554620416,510,88
669683899023405056,385,110
669682095984410625,347,132
669680153564442624,657,285
669661792646373376,799,429
669625907762618368,3492,1796
669603084620980224,941,359
669597912108789760,508,151
669583744538451968,1477,921
669573570759163904,431,139
669571471778410496,1580,1005
669567591774625800,231,55
669564461267722241,381,123
669393256313184256,362,75
669375718304980992,1321,719
669371483794317312,495,177
669367896104181761,454,149
669363888236994561,613,223
669359674819481600,367,121
669354382627049472,2680,1264
669353438988365824,635,260
669351434509529089,433,181
669328503091937280,1010,416
669327207240699904,571,115
669324657376567296,494,207
669216679721873412,1183,402
669214165781868544,436,162
669203728096960512,994,469
669037058363662336,647,308
669015743032369152,736,371
669006782128353280,572,245
669000397445533696,20680,6298
668994913074286592,438,226
668992363537309700,736,340
668989615043424256,674,325
668988183816871936,890,461
668986018524233728,550,165
668981893510119424,533,303
668979806671884288,789,344
668975677807423489,1290,573
668967877119254528,146,22
668960084974809088,699,236
668955713004314625,276,71
668932921458302977,261,58
668902994700836864,315,100
668892474547511297,395,149
668872652652679168,520,299
668852170888998912,450,165
668826086256599040,429,135
668815180734689280,567,264
668779399630725120,701,368
668655139528511488,525,216
668645506898350081,879,521
668643542311546881,869,524
668641109086707712,1067,533
668636665813057536,1032,482
668633411083464705,2774,1606
668631377374486528,707,311
668627278264475648,312,112
668625577880875008,382,129
668623201287675904,1407,752
668620235289837568,198,41
668614819948453888,609,313
668587383441514497,1661,1056
668567822092664832,241,52
668544745690562560,509,217
668542336805281792,448,212
668537837512433665,249,72
668528771708952576,453,222
668507509523615744,320,102
668496999348633600,408,128
668484198282485761,419,232
668480044826800133,451,145
668466899341221888,872,508
668297328638447616,613,294
668291999406125056,239,29
668286279830867968,497,135
668274247790391296,811,227
668268907921326080,548,233
668256321989451776,1288,599
668248472370458624,968,474
668237644992782336,6116,2812
668226093875376128,296,102
668221241640230912,508,192
668204964695683073,552,190
668190681446379520,648,194
668171859951755264,483,191
668154635664932864,485,306
668142349051129856,566,278
668113020489474048,661,236
667937095915278337,1240,775
667924896115245057,295,111
667915453470232577,206,55
667911425562669056,483,300
667902449697558528,839,370
667886921285246976,1859,1064
667885044254572545,806,470
667878741721415682,385,116
667873844930215936,620,396
667866724293877760,2971,1013
667861340749471744,237,75
667832474953625600,290,61
667806454573760512,1042,482
667801013445750784,324,95
667793409583771648,690,324
667782464991965184,404,242
667773195014021121,234,55
667766675769573376,436,212
667728196545200128,374,146
667724302356258817,475,313
667550904950915073,0,34
667550882905632768,0,32
667549055577362432,5696,2227
667546741521195010,332,121
667544320556335104,848,513
667538891197542400,201,64
667534815156183040,806,511
667530908589760512,456,234
667524857454854144,1666,1088
667517642048163840,363,188
667509364010450944,6680,2083
667502640335572993,527,216
667495797102141441,509,262
667491009379606528,522,221
667470559035432960,251,96
667455448082227200,187,59
667453023279554560,304,88
667443425659232256,767,561
667437278097252352,442,230
667435689202614272,303,83
667405339315146752,456,217
667393430834667520,190,53
667369227918143488,358,159
667211855547486208,480,239
667200525029539841,604,256
667192066997374976,377,100
667188689915760640,733,401
667182792070062081,14088,6031
667177989038297088,188,55
667176164155375616,603,450
667174963120574464,238,79
667171260800061440,218,85
667165590075940865,2634,1108
667160273090932737,251,61
667152164079423490,46788,16560
667138269671505920,4519,2149
667119796878725120,323,127
667090893657276420,328,122
667073648344346624,391,119
667070482143944705,82,14
667065535570550784,162,44
667062181243039745,212,51
667044094246576128,181,49
667012601033924608,439,215
666996132027977728,239,91
666983947667116034,2497,954
666837028449972224,796,540
666835007768551424,208,77
666826780179869698,247,92
666817836334096384,503,242
666804364988780544,230,88
666786068205871104,734,474
666781792255496192,375,183
666776908487630848,338,170
666739327293083650,229,64
666701168228331520,423,212
666691418707132416,185,46
666649482315059201,1089,596
666644823164719104,226,77
666454714377183233,503,204
666447344410484738,99,19
666437273139982337,119,44
666435652385423360,160,51
666430724426358785,305,182
666428276349472768,159,79
666421158376562688,308,110
666418789513326592,118,44
666411507551481857,424,314
666407126856765440,102,36
666396247373291520,161,80
666373753744588802,178,86
666362758909284353,747,538
666353288456101888,210,71
666345417576210432,281,130
666337882303524864,188,87
666293911632134144,479,329
666287406224695296,141,63
666273097616637952,165,74
666268910803644416,99,32
666104133288665088,13787,6172
666102155909144576,75,11
666099513787052032,146,63
666094000022159362,158,68
666082916733198337,108,42
666073100786774016,309,150
666071193221509120,139,55
666063827256086533,456,202
666058600524156928,108,56
666057090499244032,278,131
666055525042405380,419,226
666051853826850816,1165,804
666050758794694657,128,56
666049248165822465,102,41
666044226329800704,282,135
666033412701032449,120,43
666029285002620928,124,45
666020888022790149,2479,481
